first_name,last_name,email,city
Geoffrey,Wagenaar,geoffrey.wagenaar@example.com,Bodegraven
Bratislava,Simić,bratislava.simic@example.com,Bogatić
Alfredo,Parra,alfredo.parra@example.com,Oviedo
آرسین,سالاری,arsyn.slry@example.com,رشت
Vratislav,Strashkevich,vratislav.strashkevich@example.com,Bilogirsk
Toufik,Meulenbroeks,toufik.meulenbroeks@example.com,Klazienaveen-Noord
Valentina,Peixoto,valentina.peixoto@example.com,Indaiatuba
Joel,Rinne,joel.rinne@example.com,Virrat
Gerardo,Alvarez,gerardo.alvarez@example.com,Ricardo Flores Magón
Ege,Orbay,ege.orbay@example.com,Adıyaman
