first_name,last_name,email,city
Daribog,Yaremenko,daribog.yaremenko@example.com,Blagovishchenske
Obren,Silić,obren.silic@example.com,Vranje
Babür,Öymen,babur.oymen@example.com,Kırıkkale
Simon,Brown,simon.brown@example.com,Beaumont
Hildburg,Lukas,hildburg.lukas@example.com,Olpe
Marisol,Barreto,marisol.barreto@example.com,Atongo de Abajo
Yasemin,Çankaya,yasemin.cankaya@example.com,Tunceli
Meral,Menemencioğlu,meral.menemencioglu@example.com,Karaman
Xavier,Jones,xavier.jones@example.com,Flatrock
José Carlos,Escalante,josecarlos.escalante@example.com,General Zaragoza
